[{"model": "contenttypes.contenttype", "pk": 1, "fields": {"app_label": "admin", "model": "logentry"}}, {"model": "contenttypes.contenttype", "pk": 2, "fields": {"app_label": "auth", "model": "group"}}, {"model": "contenttypes.contenttype", "pk": 3, "fields": {"app_label": "auth", "model": "permission"}}, {"model": "contenttypes.contenttype", "pk": 4, "fields": {"app_label": "auth", "model": "user"}}, {"model": "contenttypes.contenttype", "pk": 5, "fields": {"app_label": "contenttypes", "model": "contenttype"}}, {"model": "contenttypes.contenttype", "pk": 6, "fields": {"app_label": "sessions", "model": "session"}}, {"model": "contenttypes.contenttype", "pk": 7, "fields": {"app_label": "accounts", "model": "userprofile"}}, {"model": "contenttypes.contenttype", "pk": 8, "fields": {"app_label": "forums", "model": "forum"}}, {"model": "contenttypes.contenttype", "pk": 9, "fields": {"app_label": "threads", "model": "thread"}}, {"model": "contenttypes.contenttype", "pk": 10, "fields": {"app_label": "posts", "model": "post"}}, {"model": "contenttypes.contenttype", "pk": 11, "fields": {"app_label": "authtoken", "model": "token"}}, {"model": "sessions.session", "pk": "3s0b9harqty46r6dyn83kd6qpk6b93eq", "fields": {"session_data": "YjE3MWFjM2ZhYjJmOTJlZWRhMmQ5M2NmNjVhMWQwZjliZWE4ZTVmNTp7Il9hdXRoX3VzZXJfaWQiOiIzIiwiX2F1dGhfdXNlcl9iYWNrZW5kIjoiZGphbmdvLmNvbnRyaWIuYXV0aC5iYWNrZW5kcy5Nb2RlbEJhY2tlbmQiLCJfYXV0aF91c2VyX2hhc2giOiIzYTU2NmU2YjkxODM5YzcyZmM2NDc0M2MxMGE1Y2Y0YThjNzg5ZTk0In0=", "expire_date": "2018-05-09T14:09:30.619Z"}}, {"model": "sessions.session", "pk": "43454wyp0omm6ei30fbpwu51wwjdsmqo", "fields": {"session_data": "NGI4MGFlNWFlNTM1YTdhNTIyYzEzNzZjZjE3NDdjOGEzNzQxNmZiOTp7fQ==", "expire_date": "2018-05-22T09:58:48.433Z"}}, {"model": "sessions.session", "pk": "6gt9tn6cx9psjg6kcbzm13gmt73190wb", "fields": {"session_data": "MDI0OWY2YjI0YmUzZjI4ODMwMTUxNjEzZDFlYzRiOWRjMGNiN2Q4NTp7Il9hdXRoX3VzZXJfYmFja2VuZCI6ImRqYW5nby5jb250cmliLmF1dGguYmFja2VuZHMuTW9kZWxCYWNrZW5kIiwiX2F1dGhfdXNlcl9oYXNoIjoiNTU4NjAxZDEzMzc3MDI2OGM4ZDRhZmNlYzUwMTM5ZWVmZTE4Y2IzZCIsIl9hdXRoX3VzZXJfaWQiOiIxMSJ9", "expire_date": "2018-05-15T11:32:09.843Z"}}, {"model": "sessions.session", "pk": "aofroxmp2bofzhkigmfbp14y2wkusaiz", "fields": {"session_data": "Mjk2NGNlMDAwYmE2NWNiYzM1YTYzZDU3Nzc3YTkwOGI4ZWFiY2Q5Nzp7Il9hdXRoX3VzZXJfaGFzaCI6IjNhNTY2ZTZiOTE4MzljNzJmYzY0NzQzYzEwYTVjZjRhOGM3ODllOTQiLCJfYXV0aF91c2VyX2lkIjoiMyIsIl9hdXRoX3VzZXJfYmFja2VuZCI6ImRqYW5nby5jb250cmliLmF1dGguYmFja2VuZHMuTW9kZWxCYWNrZW5kIn0=", "expire_date": "2018-05-07T09:12:00.855Z"}}, {"model": "sessions.session", "pk": "e39zy08j9jryw90xqcq5xlvhg6vgbmqg", "fields": {"session_data": "YWEyOTQxYTkyM2I5NjJlMzEwZjc4MDM4ZTQ3ODNmMzU3ZmRmZDdmYjp7Il9hdXRoX3VzZXJfaWQiOiIzIiwiX2F1dGhfdXNlcl9iYWNrZW5kIjoiZGphbmdvLmNvbnRyaWIuYXV0aC5iYWNrZW5kcy5Nb2RlbEJhY2tlbmQiLCJfYXV0aF91c2VyX2hhc2giOiI4ZTJmYWFjNjJjZjJiOTIxNTg2ZjE0YTI4NDBmZGVkYmY3NjgxMDIxIn0=", "expire_date": "2018-05-22T11:44:17.980Z"}}, {"model": "sessions.session", "pk": "g3emfkutnkh618px2ydc10hwxtcnwsq2", "fields": {"session_data": "NGI4MGFlNWFlNTM1YTdhNTIyYzEzNzZjZjE3NDdjOGEzNzQxNmZiOTp7fQ==", "expire_date": "2018-05-22T09:59:56.504Z"}}, {"model": "sessions.session", "pk": "n7r7zjlxbdh6jq1ure0ct4jgrrcolmul", "fields": {"session_data": "MmM4NTM2NGQwZmI3ZmZiMzRjZDQ4MWRkZjZiNWY4YTJlOGViMTMzYTp7Il9hdXRoX3VzZXJfaWQiOiIxMSIsIl9hdXRoX3VzZXJfaGFzaCI6IjU1ODYwMWQxMzM3NzAyNjhjOGQ0YWZjZWM1MDEzOWVlZmUxOGNiM2QiLCJfYXV0aF91c2VyX2JhY2tlbmQiOiJkamFuZ28uY29udHJpYi5hdXRoLmJhY2tlbmRzLk1vZGVsQmFja2VuZCJ9", "expire_date": "2018-10-12T08:59:06.023Z"}}, {"model": "sessions.session", "pk": "rmebpqx5hpf5199z5772j41r453mqa0j", "fields": {"session_data": "MGZhYzNiYjhhZDBhNTQwODY3ZGUyYmQ5ZjJhNWRhNzJjZGI1MDc2Nzp7Il9hdXRoX3VzZXJfYmFja2VuZCI6ImRqYW5nby5jb250cmliLmF1dGguYmFja2VuZHMuTW9kZWxCYWNrZW5kIiwiX2F1dGhfdXNlcl9pZCI6IjMiLCJfYXV0aF91c2VyX2hhc2giOiJkMzQ5MTc4ZDY0ODQxZjBiOGU5MDZjMWE3MzU2MjkyNmIzZTI3ZTA0In0=", "expire_date": "2018-04-18T13:01:54.060Z"}}, {"model": "sessions.session", "pk": "z3shsuo6uhuo7zxodc61i4n53pzlqlw3", "fields": {"session_data": "YzlhMWUyNjkwNzA3ZWYwOWExNDk5YzliZDUzODU0ZjFlYWRhNGVhZTp7Il9hdXRoX3VzZXJfaGFzaCI6IjhlMmZhYWM2MmNmMmI5MjE1ODZmMTRhMjg0MGZkZWRiZjc2ODEwMjEiLCJfYXV0aF91c2VyX2lkIjoiMyIsIl9hdXRoX3VzZXJfYmFja2VuZCI6ImRqYW5nby5jb250cmliLmF1dGguYmFja2VuZHMuTW9kZWxCYWNrZW5kIn0=", "expire_date": "2018-05-19T10:25:20.883Z"}}, {"model": "forums.forum", "pk": 2, "fields": {"name": "General", "description": "Anything and everything you want to talk about that doesn't fit into other forum", "slug": "general"}}, {"model": "forums.forum", "pk": 4, "fields": {"name": "Problems and issues", "description": "If something is not working, you don't know how to do it or you think you've found a bug, post here", "slug": "problems-and-issues"}}, {"model": "forums.forum", "pk": 5, "fields": {"name": "Web Development", "description": "Where web developers and designers learn and share how to design websites, build mobile applications", "slug": "web-development"}}, {"model": "forums.forum", "pk": 6, "fields": {"name": "Korea", "description": "Discuss anything about Korea from variety shows, dramas or even k-pop", "slug": "korea"}}, {"model": "forums.forum", "pk": 8, "fields": {"name": "NTU", "description": "Talk anything about Nanyang Technological University (NTU Singapore), ranked 11th globally and the world's top young university.", "slug": "ntu"}}, {"model": "forums.forum", "pk": 9, "fields": {"name": "\u653b\u7565", "description": "\u517b\u82b1\u653b\u7565", "slug": "guide"}}, {"model": "forums.forum", "pk": 10, "fields": {"name": "\u670b\u53cb\u5708", "description": "\u53d1\u5e03\u793e\u533a\u82b1\u56ed\u79cd\u690d\u517b\u62a4\u8fdb\u5ea6\uff0c\u53d1\u5e03\u56fe\u7247\uff0c\u8bc4\u8bba\u4e92\u52a8", "slug": "moment"}}, {"model": "forums.forum", "pk": 11, "fields": {"name": "\u7fa4\u7ec4", "description": "\u793e\u533a\u82b1\u56ed\u79cd\u690d\u5199\u4f5c", "slug": "group"}}, {"model": "forums.forum", "pk": 12, "fields": {"name": "\u5546\u54c1\u8d2d\u4e70", "description": "\u5546\u54c1\u8d2d\u4e70", "slug": "shopping"}}, {"model": "forums.forum", "pk": 13, "fields": {"name": "", "description": "", "slug": ""}}, {"model": "auth.permission", "pk": 1, "fields": {"name": "Can add log entry", "content_type": 1, "codename": "add_logentry"}}, {"model": "auth.permission", "pk": 2, "fields": {"name": "Can change log entry", "content_type": 1, "codename": "change_logentry"}}, {"model": "auth.permission", "pk": 3, "fields": {"name": "Can delete log entry", "content_type": 1, "codename": "delete_logentry"}}, {"model": "auth.permission", "pk": 4, "fields": {"name": "Can add group", "content_type": 2, "codename": "add_group"}}, {"model": "auth.permission", "pk": 5, "fields": {"name": "Can change group", "content_type": 2, "codename": "change_group"}}, {"model": "auth.permission", "pk": 6, "fields": {"name": "Can delete group", "content_type": 2, "codename": "delete_group"}}, {"model": "auth.permission", "pk": 7, "fields": {"name": "Can add permission", "content_type": 3, "codename": "add_permission"}}, {"model": "auth.permission", "pk": 8, "fields": {"name": "Can change permission", "content_type": 3, "codename": "change_permission"}}, {"model": "auth.permission", "pk": 9, "fields": {"name": "Can delete permission", "content_type": 3, "codename": "delete_permission"}}, {"model": "auth.permission", "pk": 10, "fields": {"name": "Can add user", "content_type": 4, "codename": "add_user"}}, {"model": "auth.permission", "pk": 11, "fields": {"name": "Can change user", "content_type": 4, "codename": "change_user"}}, {"model": "auth.permission", "pk": 12, "fields": {"name": "Can delete user", "content_type": 4, "codename": "delete_user"}}, {"model": "auth.permission", "pk": 13, "fields": {"name": "Can add content type", "content_type": 5, "codename": "add_contenttype"}}, {"model": "auth.permission", "pk": 14, "fields": {"name": "Can change content type", "content_type": 5, "codename": "change_contenttype"}}, {"model": "auth.permission", "pk": 15, "fields": {"name": "Can delete content type", "content_type": 5, "codename": "delete_contenttype"}}, {"model": "auth.permission", "pk": 16, "fields": {"name": "Can add session", "content_type": 6, "codename": "add_session"}}, {"model": "auth.permission", "pk": 17, "fields": {"name": "Can change session", "content_type": 6, "codename": "change_session"}}, {"model": "auth.permission", "pk": 18, "fields": {"name": "Can delete session", "content_type": 6, "codename": "delete_session"}}, {"model": "auth.permission", "pk": 19, "fields": {"name": "Can add user profile", "content_type": 7, "codename": "add_userprofile"}}, {"model": "auth.permission", "pk": 20, "fields": {"name": "Can change user profile", "content_type": 7, "codename": "change_userprofile"}}, {"model": "auth.permission", "pk": 21, "fields": {"name": "Can delete user profile", "content_type": 7, "codename": "delete_userprofile"}}, {"model": "auth.permission", "pk": 22, "fields": {"name": "Can add forum", "content_type": 8, "codename": "add_forum"}}, {"model": "auth.permission", "pk": 23, "fields": {"name": "Can change forum", "content_type": 8, "codename": "change_forum"}}, {"model": "auth.permission", "pk": 24, "fields": {"name": "Can delete forum", "content_type": 8, "codename": "delete_forum"}}, {"model": "auth.permission", "pk": 25, "fields": {"name": "Can add thread", "content_type": 9, "codename": "add_thread"}}, {"model": "auth.permission", "pk": 26, "fields": {"name": "Can change thread", "content_type": 9, "codename": "change_thread"}}, {"model": "auth.permission", "pk": 27, "fields": {"name": "Can delete thread", "content_type": 9, "codename": "delete_thread"}}, {"model": "auth.permission", "pk": 28, "fields": {"name": "Can add post", "content_type": 10, "codename": "add_post"}}, {"model": "auth.permission", "pk": 29, "fields": {"name": "Can change post", "content_type": 10, "codename": "change_post"}}, {"model": "auth.permission", "pk": 30, "fields": {"name": "Can delete post", "content_type": 10, "codename": "delete_post"}}, {"model": "auth.permission", "pk": 31, "fields": {"name": "Can add Token", "content_type": 11, "codename": "add_token"}}, {"model": "auth.permission", "pk": 32, "fields": {"name": "Can change Token", "content_type": 11, "codename": "change_token"}}, {"model": "auth.permission", "pk": 33, "fields": {"name": "Can delete Token", "content_type": 11, "codename": "delete_token"}}, {"model": "auth.user", "pk": 11, "fields": {"password": "pbkdf2_sha256$100000$9k6vUXGSJiA9$nC46/BITNVjQjUYKFtN8jzb3XNyR6Gn0fn0YnW4E4GQ=", "last_login": "2018-09-28T08:59:06Z", "is_superuser": true, "username": "irene", "first_name": "", "last_name": "", "email": "irene@irene.com", "is_staff": true, "is_active": true, "date_joined": "2018-04-08T06:40:27Z", "groups": [], "user_permissions": []}}, {"model": "auth.user", "pk": 16, "fields": {"password": "pbkdf2_sha256$100000$YWEKYAxRPdAB$1zQnd+Kjbd5f4SgVk4uvyMycpGXSRAdMCml1DGY5kjU=", "last_login": "2018-05-01T10:59:27.379Z", "is_superuser": false, "username": "kimjongun", "first_name": "", "last_name": "", "email": "kimjongun@gmail.com", "is_staff": false, "is_active": true, "date_joined": "2018-04-23T14:25:07.184Z", "groups": [], "user_permissions": []}}, {"model": "auth.user", "pk": 20, "fields": {"password": "pbkdf2_sha256$100000$paNCLmKYEXJg$KFrud312dA4nCj0Ags1t9o9T21S+jfUhEc+fsW3jbjI=", "last_login": "2018-05-01T10:55:48.722Z", "is_superuser": false, "username": "iu", "first_name": "", "last_name": "", "email": "iu@gmail.com", "is_staff": false, "is_active": true, "date_joined": "2018-04-26T16:56:47.782Z", "groups": [], "user_permissions": []}}, {"model": "auth.user", "pk": 21, "fields": {"password": "pbkdf2_sha256$100000$R6bbmPfbnIvB$y6y7+F7wlGFuEzbHhdvJOnGlsLXgotQiMjzNczQf6Xc=", "last_login": "2018-05-01T11:00:41.807Z", "is_superuser": false, "username": "donaldtrump", "first_name": "", "last_name": "", "email": "donaldtrump@gmail.com", "is_staff": false, "is_active": true, "date_joined": "2018-04-26T16:59:54.375Z", "groups": [], "user_permissions": []}}, {"model": "auth.user", "pk": 22, "fields": {"password": "pbkdf2_sha256$100000$XgwxJoqZrEs1$1C2JQ+AfQgsK0jpf6SCW7IISq4FV0u+TIXyXMJlFW+o=", "last_login": "2018-05-01T10:05:25.370Z", "is_superuser": false, "username": "tonystark", "first_name": "", "last_name": "", "email": "tonystark@gmail.com", "is_staff": false, "is_active": true, "date_joined": "2018-04-26T17:03:37.788Z", "groups": [], "user_permissions": []}}, {"model": "auth.user", "pk": 23, "fields": {"password": "pbkdf2_sha256$100000$fBb85LgvZU38$Ns2dCp0TGvC+cwOTCzlp+He7E6nDYy1BFKRnNCJq2yI=", "last_login": "2018-05-01T10:21:42.414Z", "is_superuser": false, "username": "thanos", "first_name": "", "last_name": "", "email": "thanos@gmail.com", "is_staff": false, "is_active": true, "date_joined": "2018-04-26T17:04:41.707Z", "groups": [], "user_permissions": []}}, {"model": "auth.user", "pk": 24, "fields": {"password": "pbkdf2_sha256$100000$dPAmB6Gi3zRi$YPh2c6Z23OguCGD1Hr/OnClP+l5TQUIxmKo25tU5RKs=", "last_login": "2018-05-01T10:19:13.771Z", "is_superuser": false, "username": "emmawatson", "first_name": "", "last_name": "", "email": "emmawatson@gmail.com", "is_staff": false, "is_active": true, "date_joined": "2018-04-26T17:13:53.431Z", "groups": [], "user_permissions": []}}, {"model": "auth.user", "pk": 25, "fields": {"password": "pbkdf2_sha256$100000$0duZz363Fepi$lizIdfDtIt7Mh/FvB3pDl7j8kxITtEKsE19H/xW1Uno=", "last_login": "2018-04-30T15:51:14.968Z", "is_superuser": false, "username": "seolhyun", "first_name": "", "last_name": "", "email": "seolhyun@gmail.com", "is_staff": false, "is_active": true, "date_joined": "2018-04-29T10:47:50.948Z", "groups": [], "user_permissions": []}}, {"model": "auth.user", "pk": 27, "fields": {"password": "pbkdf2_sha256$100000$BIRrMuHKrZHk$rsxdC87Vb++pYK9gHyRGJeJ3Bnmgy3w1IRxr6qObh6c=", "last_login": null, "is_superuser": false, "username": "Novate", "first_name": "", "last_name": "", "email": "zzy@zzy.com", "is_staff": false, "is_active": true, "date_joined": "2019-05-26T16:46:31.890Z", "groups": [], "user_permissions": []}}, {"model": "authtoken.token", "pk": "5f40d5437765c932b38df711179c55e53c3a5ef7", "fields": {"user": 25, "created": "2018-04-29T10:47:51.061Z"}}, {"model": "authtoken.token", "pk": "75d3fb6a986ab9bcbd3508494a877ed647df29f5", "fields": {"user": 20, "created": "2018-04-26T16:56:48.029Z"}}, {"model": "authtoken.token", "pk": "80fa4913e73da0104fba00c57c91bbcec7e45eca", "fields": {"user": 27, "created": "2019-05-26T16:46:32.053Z"}}, {"model": "authtoken.token", "pk": "b4c9c651f6d3bed8ced59b6b90748d676f12331a", "fields": {"user": 16, "created": "2018-04-23T14:25:07.326Z"}}, {"model": "authtoken.token", "pk": "cd89e178edac003f326c954c1eaee2c21a069dcc", "fields": {"user": 24, "created": "2018-04-26T17:13:53.529Z"}}, {"model": "authtoken.token", "pk": "e289dbe4440b9ffec834ce4a69cf138831de9fb3", "fields": {"user": 11, "created": "2018-09-28T09:00:44.027Z"}}, {"model": "accounts.userprofile", "pk": 8, "fields": {"user": 11, "bio": "\ub808\ub4dc\ubca8\ubcb3 \uc544\uc774\ub9b0", "avatar": "http://78.media.tumblr.com/32fb682ce90ada19abcb413eeb69d5af/tumblr_onfjxud4fU1vaxvogo5_400.png", "status": "Moderator", "name": "\ubc30\uc8fc\ud604"}}, {"model": "accounts.userprofile", "pk": 13, "fields": {"user": 16, "bio": "Hail North Korea !", "avatar": "https://pbs.twimg.com/profile_images/3474938974/7fe9d8bb5a38dea841dc7d411040070c.jpeg", "status": "North Korea Leader", "name": "Kim Jong Un"}}, {"model": "accounts.userprofile", "pk": 17, "fields": {"user": 20, "bio": "\uc774\uc9c0\uc740 loves singing", "avatar": "http://imgcache.qq.com/music/photo/mid_singer_300/O/j/004Bjyj52RTYOj.jpg", "status": "Singer", "name": "\uc774\uc9c0\uc740"}}, {"model": "accounts.userprofile", "pk": 18, "fields": {"user": 21, "bio": "", "avatar": "https://pbs.twimg.com/profile_images/645711305672790016/QVpy6WiU.jpg", "status": "President", "name": "Donald Trump"}}, {"model": "accounts.userprofile", "pk": 19, "fields": {"user": 22, "bio": "", "avatar": "https://pbs.twimg.com/profile_images/3013120684/5fe0ef5af954d64310e053676b5aafe4.jpeg", "status": "Iron Man", "name": "Tony Stark"}}, {"model": "accounts.userprofile", "pk": 20, "fields": {"user": 23, "bio": "", "avatar": "https://vignette.wikia.nocookie.net/marvel-contestofchampions/images/7/74/Thanos_portrait.png/revision/latest?cb=20150830174115", "status": "Titan", "name": "Thanos"}}, {"model": "accounts.userprofile", "pk": 21, "fields": {"user": 24, "bio": "", "avatar": "https://pbs.twimg.com/profile_images/704359780282806273/SmP8VxYf_400x400.jpg", "status": "Actress", "name": "Emma Watson"}}, {"model": "accounts.userprofile", "pk": 22, "fields": {"user": 25, "bio": "AOA Member", "avatar": "https://res.cloudinary.com/rengorum/image/upload/v1524998998/d4syj47nk82acb4kubzp.png", "status": "Singer", "name": "\uae40\uc124\ud604"}}, {"model": "accounts.userprofile", "pk": 24, "fields": {"user": 27, "bio": "La mer de l'informatique, c'est trop profonde.\nTongji U.\nShanghai, China", "avatar": "https://res.cloudinary.com/rengorum/image/upload/v1558889256/f9mtaxm4o7satv4zohmu.jpg", "status": "\u793e\u7ba1\u4f1a\u7ba1\u7406\u5458", "name": "ZZY"}}, {"model": "threads.thread", "pk": 6, "fields": {"name": "Red Velvet (\ub808\ub4dc\ubca8\ubcb3)", "forum": 6, "pinned": false, "content": "I really like Red Velvet (\ub808\ub4dc\ubca8\ubcb3)", "creator": 11, "created_at": "2018-04-30T15:38:54.397Z", "last_activity": "2018-05-08T12:03:07.508Z"}}, {"model": "threads.thread", "pk": 7, "fields": {"name": "Need more developers especially on backend", "forum": 4, "pinned": false, "content": "I think we need more developers, maybe I should bring Avengers", "creator": 22, "created_at": "2018-04-30T15:47:52.055Z", "last_activity": "2019-05-26T16:48:10.949Z"}}, {"model": "threads.thread", "pk": 21, "fields": {"name": "Avengers: Infinity War", "forum": 2, "pinned": false, "content": "{\"blocks\":[{\"key\":\"6hukh\",\"text\":\"Avengers: Infinity War is a 2018 American superhero film based on the Marvel Comics superhero team the Avengers, produced by Marvel Studios and distributed by Walt Disney Studios Motion Pictures. It is the sequel to 2012's The Avengers and 2015's Avengers: Age of Ultron, and the nineteenth film in the Marvel Cinematic Universe (MCU). \",\"type\":\"unstyled\",\"depth\":0,\"inlineStyleRanges\":[{\"offset\":0,\"length\":22,\"style\":\"color-rgb(34,34,34)\"},{\"offset\":23,\"length\":18,\"style\":\"color-rgb(34,34,34)\"},{\"offset\":57,\"length\":12,\"style\":\"color-rgb(34,34,34)\"},{\"offset\":84,\"length\":18,\"style\":\"color-rgb(34,34,34)\"},{\"offset\":111,\"length\":13,\"style\":\"color-rgb(34,34,34)\"},{\"offset\":140,\"length\":18,\"style\":\"color-rgb(34,34,34)\"},{\"offset\":194,\"length\":28,\"style\":\"color-rgb(34,34,34)\"},{\"offset\":223,\"length\":12,\"style\":\"color-rgb(34,34,34)\"},{\"offset\":236,\"length\":10,\"style\":\"color-rgb(34,34,34)\"},{\"offset\":247,\"length\":28,\"style\":\"color-rgb(34,34,34)\"},{\"offset\":296,\"length\":6,\"style\":\"color-rgb(34,34,34)\"},{\"offset\":329,\"length\":6,\"style\":\"color-rgb(34,34,34)\"},{\"offset\":0,\"length\":22,\"style\":\"bgcolor-rgb(255,255,255)\"},{\"offset\":23,\"length\":18,\"style\":\"bgcolor-rgb(255,255,255)\"},{\"offset\":42,\"length\":14,\"style\":\"bgcolor-rgb(255,255,255)\"},{\"offset\":57,\"length\":12,\"style\":\"bgcolor-rgb(255,255,255)\"},{\"offset\":70,\"length\":13,\"style\":\"bgcolor-rgb(255,255,255)\"},{\"offset\":84,\"length\":18,\"style\":\"bgcolor-rgb(255,255,255)\"},{\"offset\":103,\"length\":21,\"style\":\"bgcolor-rgb(255,255,255)\"},{\"offset\":125,\"length\":14,\"style\":\"bgcolor-rgb(255,255,255)\"},{\"offset\":140,\"length\":18,\"style\":\"bgcolor-rgb(255,255,255)\"},{\"offset\":159,\"length\":63,\"style\":\"bgcolor-rgb(255,255,255)\"},{\"offset\":223,\"length\":12,\"style\":\"bgcolor-rgb(255,255,255)\"},{\"offset\":236,\"length\":10,\"style\":\"bgcolor-rgb(255,255,255)\"},{\"offset\":247,\"length\":28,\"style\":\"bgcolor-rgb(255,255,255)\"},{\"offset\":276,\"length\":19,\"style\":\"bgcolor-rgb(255,255,255)\"},{\"offset\":296,\"length\":6,\"style\":\"bgcolor-rgb(255,255,255)\"},{\"offset\":303,\"length\":25,\"style\":\"bgcolor-rgb(255,255,255)\"},{\"offset\":329,\"length\":6,\"style\":\"bgcolor-rgb(255,255,255)\"},{\"offset\":0,\"length\":22,\"style\":\"fontsize-14\"},{\"offset\":23,\"length\":18,\"style\":\"fontsize-14\"},{\"offset\":42,\"length\":14,\"style\":\"fontsize-14\"},{\"offset\":57,\"length\":12,\"style\":\"fontsize-14\"},{\"offset\":70,\"length\":13,\"style\":\"fontsize-14\"},{\"offset\":84,\"length\":18,\"style\":\"fontsize-14\"},{\"offset\":103,\"length\":21,\"style\":\"fontsize-14\"},{\"offset\":125,\"length\":14,\"style\":\"fontsize-14\"},{\"offset\":140,\"length\":18,\"style\":\"fontsize-14\"},{\"offset\":159,\"length\":63,\"style\":\"fontsize-14\"},{\"offset\":223,\"length\":12,\"style\":\"fontsize-14\"},{\"offset\":236,\"length\":10,\"style\":\"fontsize-14\"},{\"offset\":247,\"length\":28,\"style\":\"fontsize-14\"},{\"offset\":276,\"length\":19,\"style\":\"fontsize-14\"},{\"offset\":296,\"length\":6,\"style\":\"fontsize-14\"},{\"offset\":303,\"length\":25,\"style\":\"fontsize-14\"},{\"offset\":329,\"length\":6,\"style\":\"fontsize-14\"},{\"offset\":0,\"length\":22,\"style\":\"fontfamily-sans-serif\"},{\"offset\":23,\"length\":18,\"style\":\"fontfamily-sans-serif\"},{\"offset\":42,\"length\":14,\"style\":\"fontfamily-sans-serif\"},{\"offset\":57,\"length\":12,\"style\":\"fontfamily-sans-serif\"},{\"offset\":70,\"length\":13,\"style\":\"fontfamily-sans-serif\"},{\"offset\":84,\"length\":18,\"style\":\"fontfamily-sans-serif\"},{\"offset\":103,\"length\":21,\"style\":\"fontfamily-sans-serif\"},{\"offset\":125,\"length\":14,\"style\":\"fontfamily-sans-serif\"},{\"offset\":140,\"length\":18,\"style\":\"fontfamily-sans-serif\"},{\"offset\":159,\"length\":63,\"style\":\"fontfamily-sans-serif\"},{\"offset\":223,\"length\":12,\"style\":\"fontfamily-sans-serif\"},{\"offset\":236,\"length\":10,\"style\":\"fontfamily-sans-serif\"},{\"offset\":247,\"length\":28,\"style\":\"fontfamily-sans-serif\"},{\"offset\":276,\"length\":19,\"style\":\"fontfamily-sans-serif\"},{\"offset\":296,\"length\":6,\"style\":\"fontfamily-sans-serif\"},{\"offset\":303,\"length\":25,\"style\":\"fontfamily-sans-serif\"},{\"offset\":329,\"length\":6,\"style\":\"fontfamily-sans-serif\"},{\"offset\":42,\"length\":14,\"style\":\"color-rgb(11,0,128)\"},{\"offset\":70,\"length\":13,\"style\":\"color-rgb(11,0,128)\"},{\"offset\":103,\"length\":8,\"style\":\"color-rgb(11,0,128)\"},{\"offset\":125,\"length\":14,\"style\":\"color-rgb(11,0,128)\"},{\"offset\":159,\"length\":35,\"style\":\"color-rgb(11,0,128)\"},{\"offset\":223,\"length\":12,\"style\":\"color-rgb(11,0,128)\"},{\"offset\":247,\"length\":23,\"style\":\"color-rgb(11,0,128)\"},{\"offset\":276,\"length\":19,\"style\":\"color-rgb(11,0,128)\"},{\"offset\":303,\"length\":25,\"style\":\"color-rgb(11,0,128)\"},{\"offset\":223,\"length\":12,\"style\":\"bgcolor-initial\"},{\"offset\":247,\"length\":23,\"style\":\"bgcolor-initial\"}],\"entityRanges\":[{\"offset\":42,\"length\":14,\"key\":0},{\"offset\":70,\"length\":13,\"key\":1},{\"offset\":103,\"length\":8,\"key\":2},{\"offset\":125,\"length\":14,\"key\":3},{\"offset\":159,\"length\":35,\"key\":4},{\"offset\":223,\"length\":12,\"key\":5},{\"offset\":247,\"length\":23,\"key\":6},{\"offset\":276,\"length\":19,\"key\":7},{\"offset\":303,\"length\":25,\"key\":8}],\"data\":{}},{\"key\":\"j83u\",\"text\":\" \",\"type\":\"atomic\",\"depth\":0,\"inlineStyleRanges\":[],\"entityRanges\":[{\"offset\":0,\"length\":1,\"key\":9}],\"data\":{}},{\"key\":\"f9m18\",\"text\":\"\",\"type\":\"unstyled\",\"depth\":0,\"inlineStyleRanges\":[],\"entityRanges\":[],\"data\":{}}],\"entityMap\":{\"0\":{\"type\":\"LINK\",\"mutability\":\"MUTABLE\",\"data\":{\"url\":\"https://en.wikipedia.org/wiki/Superhero_film\",\"title\":\"superhero film\",\"targetOption\":\"\",\"_map\":{\"type\":\"LINK\",\"mutability\":\"MUTABLE\",\"data\":{\"url\":\"https://en.wikipedia.org/wiki/Superhero_film\",\"title\":\"superhero film\",\"targetOption\":\"\"}}}},\"1\":{\"type\":\"LINK\",\"mutability\":\"MUTABLE\",\"data\":{\"url\":\"https://en.wikipedia.org/wiki/Marvel_Comics\",\"title\":\"Marvel Comics\",\"targetOption\":\"\",\"_map\":{\"type\":\"LINK\",\"mutability\":\"MUTABLE\",\"data\":{\"url\":\"https://en.wikipedia.org/wiki/Marvel_Comics\",\"title\":\"Marvel Comics\",\"targetOption\":\"\"}}}},\"2\":{\"type\":\"LINK\",\"mutability\":\"MUTABLE\",\"data\":{\"url\":\"https://en.wikipedia.org/wiki/Avengers_(comics)\",\"title\":\"Avengers\",\"targetOption\":\"\",\"_map\":{\"type\":\"LINK\",\"mutability\":\"MUTABLE\",\"data\":{\"url\":\"https://en.wikipedia.org/wiki/Avengers_(comics)\",\"title\":\"Avengers\",\"targetOption\":\"\"}}}},\"3\":{\"type\":\"LINK\",\"mutability\":\"MUTABLE\",\"data\":{\"url\":\"https://en.wikipedia.org/wiki/Marvel_Studios\",\"title\":\"Marvel Studios\",\"targetOption\":\"\",\"_map\":{\"type\":\"LINK\",\"mutability\":\"MUTABLE\",\"data\":{\"url\":\"https://en.wikipedia.org/wiki/Marvel_Studios\",\"title\":\"Marvel Studios\",\"targetOption\":\"\"}}}},\"4\":{\"type\":\"LINK\",\"mutability\":\"MUTABLE\",\"data\":{\"url\":\"https://en.wikipedia.org/wiki/Walt_Disney_Studios_Motion_Pictures\",\"title\":\"Walt Disney Studios Motion Pictures\",\"targetOption\":\"\",\"_map\":{\"type\":\"LINK\",\"mutability\":\"MUTABLE\",\"data\":{\"url\":\"https://en.wikipedia.org/wiki/Walt_Disney_Studios_Motion_Pictures\",\"title\":\"Walt Disney Studios Motion Pictures\",\"targetOption\":\"\"}}}},\"5\":{\"type\":\"LINK\",\"mutability\":\"MUTABLE\",\"data\":{\"url\":\"https://en.wikipedia.org/wiki/The_Avengers_(2012_film)\",\"title\":\"The Avengers\",\"targetOption\":\"\",\"_map\":{\"type\":\"LINK\",\"mutability\":\"MUTABLE\",\"data\":{\"url\":\"https://en.wikipedia.org/wiki/The_Avengers_(2012_film)\",\"title\":\"The Avengers\",\"targetOption\":\"\"}}}},\"6\":{\"type\":\"LINK\",\"mutability\":\"MUTABLE\",\"data\":{\"url\":\"https://en.wikipedia.org/wiki/Avengers:_Age_of_Ultron\",\"title\":\"Avengers: Age of Ultron\",\"targetOption\":\"\",\"_map\":{\"type\":\"LINK\",\"mutability\":\"MUTABLE\",\"data\":{\"url\":\"https://en.wikipedia.org/wiki/Avengers:_Age_of_Ultron\",\"title\":\"Avengers: Age of Ultron\",\"targetOption\":\"\"}}}},\"7\":{\"type\":\"LINK\",\"mutability\":\"MUTABLE\",\"data\":{\"url\":\"https://en.wikipedia.org/wiki/List_of_Marvel_Cinematic_Universe_films\",\"title\":\"the nineteenth film\",\"targetOption\":\"\",\"_map\":{\"type\":\"LINK\",\"mutability\":\"MUTABLE\",\"data\":{\"url\":\"https://en.wikipedia.org/wiki/List_of_Marvel_Cinematic_Universe_films\",\"title\":\"the nineteenth film\",\"targetOption\":\"\"}}}},\"8\":{\"type\":\"LINK\",\"mutability\":\"MUTABLE\",\"data\":{\"url\":\"https://en.wikipedia.org/wiki/Marvel_Cinematic_Universe\",\"title\":\"Marvel Cinematic Universe\",\"targetOption\":\"\",\"_map\":{\"type\":\"LINK\",\"mutability\":\"MUTABLE\",\"data\":{\"url\":\"https://en.wikipedia.org/wiki/Marvel_Cinematic_Universe\",\"title\":\"Marvel Cinematic Universe\",\"targetOption\":\"\"}}}},\"9\":{\"type\":\"IMAGE\",\"mutability\":\"MUTABLE\",\"data\":{\"src\":\"http://digitalspyuk.cdnds.net/18/14/980x490/landscape-1522924460-avengers-infinity-war-poster.jpg\",\"height\":\"auto\",\"width\":\"auto\",\"alt\":\"\"}}}}", "creator": 22, "created_at": "2018-05-05T17:30:15.259Z", "last_activity": "2018-05-08T12:00:55.849Z"}}, {"model": "threads.thread", "pk": 28, "fields": {"name": "\u65b0\u624b\u517b\u82b1\u6700\u5bb9\u6613\u72af\u54ea\u4e9b\u9519\u8bef\uff1f\u5e94\u8be5\u5982\u4f55\u907f\u514d\uff1f - \u77e5\u4e4e", "forum": 9, "pinned": false, "content": "{\"blocks\":[{\"key\":\"2m331\",\"text\":\"\u603b\u6015\u628a\u82b1\u517b\u6b7b\uff0c\u6c42\u8001\u53f8\u673a\u5206\u4eab\u81ea\u5df1\u521a\u5f00\u59cb\u517b\u82b1\u65f6\u5019\u7684\u7ecf\u9a8c\",\"type\":\"unstyled\",\"depth\":0,\"inlineStyleRanges\":[{\"offset\":0,\"length\":25,\"style\":\"color-rgb(26,26,26)\"},{\"offset\":0,\"length\":25,\"style\":\"bgcolor-rgb(255,255,255)\"},{\"offset\":0,\"length\":25,\"style\":\"fontsize-15\"},{\"offset\":0,\"length\":25,\"style\":\"fontfamily--apple-system, system-ui, \\\"Helvetica Neue\\\", \\\"PingFang SC\\\", \\\"Microsoft YaHei\\\", \\\"Source Han Sans SC\\\", \\\"Noto Sans CJK SC\\\", \\\"WenQuanYi Micro Hei\\\", sans-serif\"}],\"entityRanges\":[],\"data\":{\"text-align\":\"start\"}},{\"key\":\"1osaj\",\"text\":\"\u672c\u9898\u5df2\u52a0\u5165\u77e5\u4e4e\u5706\u684c \u00bb \u6625\u5929\u53bb\u8d4f\u82b1\uff0c\u6b22\u8fce\u5173\u6ce8\u66f4\u591a\u5173\u4e8e\u300c\u82b1\u5349\u300d\u8bdd\u9898\u7684\u8ba8\u8bba\",\"type\":\"unstyled\",\"depth\":0,\"inlineStyleRanges\":[{\"offset\":0,\"length\":11,\"style\":\"color-rgb(26,26,26)\"},{\"offset\":12,\"length\":23,\"style\":\"color-rgb(26,26,26)\"},{\"offset\":0,\"length\":11,\"style\":\"bgcolor-rgb(255,255,255)\"},{\"offset\":12,\"length\":23,\"style\":\"bgcolor-rgb(255,255,255)\"},{\"offset\":0,\"length\":11,\"style\":\"fontsize-15\"},{\"offset\":12,\"length\":23,\"style\":\"fontsize-15\"},{\"offset\":0,\"length\":11,\"style\":\"fontfamily--apple-system, system-ui, \\\"Helvetica Neue\\\", \\\"PingFang SC\\\", \\\"Microsoft YaHei\\\", \\\"Source Han Sans SC\\\", \\\"Noto Sans CJK SC\\\", \\\"WenQuanYi Micro Hei\\\", sans-serif\"},{\"offset\":12,\"length\":23,\"style\":\"fontfamily--apple-system, system-ui, \\\"Helvetica Neue\\\", \\\"PingFang SC\\\", \\\"Microsoft YaHei\\\", \\\"Source Han Sans SC\\\", \\\"Noto Sans CJK SC\\\", \\\"WenQuanYi Micro Hei\\\", sans-serif\"},{\"offset\":12,\"length\":5,\"style\":\"color-inherit\"}],\"entityRanges\":[{\"offset\":12,\"length\":5,\"key\":0}],\"data\":{\"text-align\":\"start\"}}],\"entityMap\":{\"0\":{\"type\":\"LINK\",\"mutability\":\"MUTABLE\",\"data\":{\"url\":\"https://www.zhihu.com/roundtable/flower2018\",\"title\":\"\u6625\u5929\u53bb\u8d4f\u82b1\",\"targetOption\":\"\",\"_map\":{\"type\":\"LINK\",\"mutability\":\"MUTABLE\",\"data\":{\"url\":\"https://www.zhihu.com/roundtable/flower2018\",\"title\":\"\u6625\u5929\u53bb\u8d4f\u82b1\",\"targetOption\":\"\"}}}}}}", "creator": 11, "created_at": "2019-05-26T16:39:35.605Z", "last_activity": "2019-05-26T16:40:53.268Z"}}, {"model": "threads.thread", "pk": 30, "fields": {"name": "sdf", "forum": 2, "pinned": false, "content": "{\"blocks\":[{\"key\":\"3m56h\",\"text\":\"sdf\",\"type\":\"unstyled\",\"depth\":0,\"inlineStyleRanges\":[],\"entityRanges\":[],\"data\":{}}],\"entityMap\":{}}", "creator": 27, "created_at": "2019-06-13T14:50:22.520Z", "last_activity": "2019-06-13T14:50:22.520Z"}}, {"model": "posts.post", "pk": 38, "fields": {"content": "{\"blocks\":[{\"key\":\"4cn70\",\"text\":\"This is going to be great !!\",\"type\":\"unstyled\",\"depth\":0,\"inlineStyleRanges\":[{\"offset\":0,\"length\":28,\"style\":\"fontsize-60\"},{\"offset\":0,\"length\":28,\"style\":\"ITALIC\"},{\"offset\":0,\"length\":28,\"style\":\"color-rgb(44,130,201)\"}],\"entityRanges\":[],\"data\":{}}],\"entityMap\":{}}", "thread": 7, "created_at": "2018-05-08T11:53:54.444Z", "updated_at": null, "creator": 21}}, {"model": "posts.post", "pk": 41, "fields": {"content": "{\"blocks\":[{\"key\":\"8kg8h\",\"text\":\"In time, you will know what it's like to lose. To feel so desperately that you're right. Yet to fail all the same. Dread it. Run from it. Destiny still arrives. \",\"type\":\"unstyled\",\"depth\":0,\"inlineStyleRanges\":[{\"offset\":0,\"length\":160,\"style\":\"bgcolor-rgb(255,255,255)\"},{\"offset\":0,\"length\":160,\"style\":\"fontfamily-Montserrat, sans-serif\"},{\"offset\":0,\"length\":161,\"style\":\"fontsize-24\"},{\"offset\":0,\"length\":161,\"style\":\"ITALIC\"},{\"offset\":0,\"length\":161,\"style\":\"color-rgb(243,121,52)\"}],\"entityRanges\":[],\"data\":{}},{\"key\":\"ftb4m\",\"text\":\" \",\"type\":\"atomic\",\"depth\":0,\"inlineStyleRanges\":[],\"entityRanges\":[{\"offset\":0,\"length\":1,\"key\":0}],\"data\":{}},{\"key\":\"7bbbp\",\"text\":\"\",\"type\":\"unstyled\",\"depth\":0,\"inlineStyleRanges\":[],\"entityRanges\":[],\"data\":{}}],\"entityMap\":{\"0\":{\"type\":\"IMAGE\",\"mutability\":\"MUTABLE\",\"data\":{\"src\":\"http://i0.kym-cdn.com/entries/icons/original/000/024/786/thanos.jpg\",\"height\":\"auto\",\"width\":\"auto\",\"alt\":\"\",\"alignment\":\"left\"}}}}", "thread": 21, "created_at": "2018-05-08T12:00:55.849Z", "updated_at": null, "creator": 23}}, {"model": "posts.post", "pk": 43, "fields": {"content": "{\"blocks\":[{\"key\":\"91age\",\"text\":\"\u4f5c\u8005\uff1akuteng\\n\u94fe\u63a5\uff1ahttps://www.zhihu.com/question/41466375/answer/173640167\\n\u6765\u6e90\uff1a\u77e5\u4e4e\\n\u8457\u4f5c\u6743\u5f52\u4f5c\u8005\u6240\u6709\u3002\u5546\u4e1a\u8f6c\u8f7d\u8bf7\u8054\u7cfb\u4f5c\u8005\u83b7\u5f97\u6388\u6743\uff0c\u975e\u5546\u4e1a\u8f6c\u8f7d\u8bf7\u6ce8\u660e\u51fa\u5904\u3002\\n\\n\",\"type\":\"unstyled\",\"depth\":0,\"inlineStyleRanges\":[],\"entityRanges\":[],\"data\":{}},{\"key\":\"3cu9s\",\"text\":\"\u8fd9\u51e0\u5e74\u81ea\u5df1\u5728\u5bb6\u5ead\u517b\u82b1\u4e5f\u4ea4\u4e86\u4e0d\u5c11\u5b66\u8d39\u7684\u8001\u4eba\u5bb6\u7ed9\u65b0\u624b\u51e0\u70b9\u5efa\u8bae\uff0c\u6309\u91cd\u8981\u987a\u5e8f\u6392\u5217\u5427\u3002\\n\u65b0\u624b\u5f00\u59cb\u517b\u82b1\uff0c\u5efa\u8bae\u4e00\u5b9a\u8981\u9009\u62e9\u9002\u5408\u5f53\u5730\u6c14\u5019\u7684\u82b1\u5349\u6216\u8005\u54c1\u79cd\uff0c\u5317\u82b1\u5357\u79cd\uff0c\u5357\u82b1\u5317\u79cd\u4e0d\u662f\u4e0d\u884c\uff0c\u4f46\u662f\u65b0\u624b\u5c31\u4e0d\u5efa\u8bae\u4e86\uff0c\u56e0\u4e3a\u8981\u521b\u9020\u9002\u5408\u82b1\u5349\u751f\u957f\u7684\u6761\u4ef6\u5bf9\u4e00\u822c\u65b0\u624b\u592a\u96be\uff0c\u7b49\u6709\u7ecf\u9a8c\u4ee5\u540e\u518d\u8003\u8651\u5427\u3002\\n\u518d\u6765\uff0c\u517b\u82b1\u4e00\u5b9a\u8981\u5148\u8003\u8651\u5149\u7167\uff0c\u559c\u9634\u7684\u690d\u7269\u4f60\u517b\u5728\u9633\u53f0\u5916\u7f18\u6216\u8005\u9732\u53f0\u63a5\u53d7\u5f3a\u5149\u7167\uff0c\u4e0d\u7528\u4e24\u5929\u53f6\u5b50\u4e00\u5b9a\u4f1a\u88ab\u6652\u7126\u6652\u67af\u3002\u559c\u9633\u7684\u690d\u7269\u957f\u671f\u653e\u5ba4\u5185\uff0c\u51e0\u4e2a\u6708\u540e\u751f\u957f\u4e0d\u826f\u662f\u80af\u5b9a\u7684\u3002\u6240\u4ee5\u8981\u628a\u690d\u7269\u517b\u5728\u9002\u5408\u4ed6\u7684\u5730\u65b9\u3002\u5b9e\u5728\u4e0d\u884c\u5c31\u7528\u906e\u9634\u7f51\u51cf\u5f31\u5149\u7167\u5f3a\u5ea6\u3002\\n\u6d47\u6c34\u7684\u95ee\u9898\u662f\u5f88\u591a\u65b0\u624b\u70e6\u607c\u7684\u95ee\u9898\uff0c\u6559\u4e00\u4e2a\u6bd4\u8f83\u7b80\u5355\u7684\u5224\u65ad\u65b9\u6cd5\uff0c\u5148\u505c\u6b62\u6d47\u6c34\u51e0\u5929\uff0c\u6bcf\u5929\u89c2\u5bdf\uff0c\u53d1\u73b0\u53f6\u7247\u5f00\u59cb\u8f6f\u4e86\u5c31\u6d47\u6c34\uff0c\u4ee5\u540e\u6d47\u6c34\u7684\u89c4\u5f8b\u5c31\u628a\u8fd9\u4e2a\u65f6\u95f4\u63d0\u524d\u4e00\u5929\u3002\u5f53\u7136\uff0c\u51ac\u5b63\uff0c\u590f\u5b63\uff0c\u96e8\u5b63\u8981\u6839\u636e\u60c5\u51b5\u7075\u6d3b\u8c03\u6574\uff0c\u63d0\u524d\u6216\u8005\u5ef6\u957f\u3002\u65b0\u624b\u4e00\u5b9a\u8981\u7ba1\u4f4f\u81ea\u5df1\u7684\u624b\uff0c\u80fd\u4e0d\u6d47\u6c34\u5c31\u4e0d\u6d47\uff0c\u5f88\u591a\u65b0\u4eba\u7684\u82b1\u4e0d\u662f\u88ab\u6652\u6b7b\uff0c\u662f\u88ab\u6df9\u6b7b\u7684\u3002\\n\u5149\u7167\u6d47\u6c34\u89e3\u51b3\u540e\uff0c\u5c31\u662f\u65bd\u80a5\u7684\u95ee\u9898\uff0c\u82b1\u5349\u5bf9\u80a5\u6599\u7684\u9700\u6c42\u5e76\u6ca1\u6709\u4e00\u822c\u4eba\u60f3\u8c61\u7684\u90a3\u4e48\u9ad8\uff0c\u534a\u4e2a\u6708\u751a\u81f3\u51e0\u4e2a\u6708\u8bd5\u4e00\u6b21\u80a5\u5c31\u591f\u4e86\u3002\u4e0a\u6b21\u6211\u56de\u7b54\u8fc7\u4e00\u4e2a\u65b0\u4eba\u7684\u95ee\u9898\uff0c\u4ed6\u56e0\u4e3a\u53d1\u73b0\u751f\u957f\u4e0d\u826f\uff0c\u5c31\u5f00\u59cb\u6bcf\u5929\u665a\u4e0a\u55b7\u6db2\u4f53\u80a5\u6599\uff0c\u62dc\u6258\uff0c\u5927\u6d3b\u4eba\u5929\u5929\u5403\u4eba\u53c2\u4e5f\u4f1a\u6302\u7684\u3002\u751f\u75c5\u7684\u82b1\u66f4\u8981\u7ec6\u5fc3\u7167\u6599\u6ca1\u9519\uff0c\u4f46\u4e0d\u662f\u5929\u5929\u8fdb\u8865\u3002\u6211\u5e38\u5e38\u63a5\u5230\u670b\u53cb\u5bb6\u751f\u75c5\u7684\u82b1\u5349\uff0c\u7136\u540e\u5c31\u88ab\u6211\u6e05\u7406\u6389\u67af\u679d\u70c2\u53f6\uff0c\u60c5\u51b5\u975e\u5e38\u4e25\u91cd\u7684\u624d\u4f1a\u66f4\u6362\u76c6\u571f\u4fee\u526a\u70c2\u6839\uff0c\u7f13\u82d7\u540e\u5c31\u653e\u7740\u6b63\u5e38\u517b\u62a4\uff0c\u4e00\u822c\u51e0\u4e2a\u6708\u5c31\u80fd\u591f\u6062\u590d\u4e86\uff0c\u4e5f\u4e0d\u9700\u8981\u4ec0\u4e48\u7279\u6b8a\u7684\u63aa\u65bd\u3002\u987a\u4fbf\u574f\u67d0\u4e9b\u4eba\u7684\u751f\u610f\uff0c\u7f51\u4e0a\u4e00\u5927\u5806\u7684\u5356\u8fdb\u53e3\u80a5\u6599\uff0c\u8fdb\u53e3\u519c\u836f\u7684\uff0c\u8bf4\u8001\u5b9e\u8bdd\uff0c\u90a3\u4ef7\u94b1\u8ddf\u62a2\u94b1\u5dee\u4e0d\u591a\uff0c\u4e0d\u900a\u8272\u4e8e\u5356\u6bd2\u54c1\uff0c\u8fd8\u6309\u514b\u8bba\u4ef7\u3002\u5c31\u7b97\u4f60\u4f4f\u57ce\u5e02\u91cc\uff0c\u9ad8\u5fb7\u5730\u56fe\u641c\u7d22\u519c\u8d44\u5546\u5e97\uff0c\u53bb\u4e00\u8d9f\uff0c100\u5143\u94b1\u4e70\u4e9b\u5c3f\u7d20\uff0c\u78f7\u9178\u4e8c\u6c22\u94be\uff0c\u590d\u5408\u80a5\uff0c\u6258\u5e03\u6d25\uff0c\u4e50\u679c\uff0c\u9700\u8981\u6db2\u4f53\u80a5\u5c31\u6839\u636e\u9700\u8981\u4f7f\u7528\u5c3f\u7d20\u914d\u5408\u78f7\u9178\u4e8c\u6c22\u94be\uff0c\u6c2e\u78f7\u94be\u90fd\u89e3\u51b3\u4e86\uff0c\u590d\u5408\u80a5\u5728\u751f\u957f\u5b63\u8282\u524d\u57cb\u5230\u571f\u91cc\uff0c\u89e3\u51b3\u57fa\u80a5\u7684\u9700\u8981\uff0c\u6258\u5e03\u6d25\u662f\u6740\u83cc\u836f\uff0c\u6548\u679c\u6bd4\u591a\u83cc\u7075\u597d\uff0c\u4e50\u679c\u5bf9\u4ed8\u5404\u79cd\u5c0f\u866b\uff0c\u591f\u4f60\u7528\u5230\u5929\u8352\u5730\u8001\u7684\uff0c\u519c\u8d44\u5546\u5e97\u7684\u4ef7\u683c\u6bd4\u8d77\u4f60\u7f51\u5e97\u4e70\u7684\u4ef7\u94b1\u4fbf\u5b9c\u591a\u4e86\u3002\\n\u7b2c\u4e09\u571f\u58e4\u7684\u95ee\u9898\uff0c\u5f88\u591a\u4eba\u8981\u7f51\u8d2d\uff0c\u5b9e\u9645\u4e0a\u81ea\u5df1\u53ef\u4ee5\u8fd1\u4e4e\u514d\u8d39\u7684\u89e3\u51b3\u7684\uff0c\u6211\u6bcf\u5e74\u6625\u5929\u6362\u76c6\u540e\u5269\u4e0b\u7684\u571f\u58e4\u90fd\u4f1a\u6652\u5e72\uff0c\u6740\u83cc\u6d88\u6bd2\u3002\u7136\u540e\u5c0f\u533a\u91cc\u9762\u6536\u96c6\u843d\u53f6\uff0c\u627e\u4e00\u4e2a\u5927\u82b1\u76c6\uff0c\u6309\u7167\u4e00\u5c42\u843d\u53f6\uff0c\u4e00\u5c42\u571f\u88c5\u6ee1\uff0c\u653e\u53ef\u4ee5\u6652\u592a\u9633\u6dcb\u96e8\u7684\u5730\u65b9\uff0c\u5076\u5c14\u6d47\u70b9\u6dd8\u7c73\u6c34\uff0c\u5bb6\u91cc\u5403\u5269\u4e0b\u7684\u8089\u9aa8\u5934\uff0c\u9e21\u9aa8\u5934\u91cd\u65b0\u716e\u8fc7\u540e\uff0c\u6dd8\u6d17\u5e72\u51c0\u57cb\u571f\u91cc\u9762\uff0c\u534a\u5e74\u65f6\u95f4\u540e\u4f60\u5c31\u6709\u4e86\u5f88\u597d\u7684\u8150\u6b96\u571f\uff0c\u90bb\u5c45\u88c5\u4fee\u8981\u70b9\u6cb3\u6c99\uff0c\u6216\u8005\u5c0f\u5403\u5e97\u8981\u70b9\u70e7\u8fc7\u7684\u7164\u7403\uff0c\u51b2\u6d17\u6389\u76d0\u5206\uff0c\u62cc\u8fdb\u8150\u6b96\u571f\uff0c\u5c31\u662f\u5f88\u597d\u7684\u79cd\u82b1\u7684\u571f\u4e86\u3002\\n\u8fd8\u6709\u63d0\u9192\u4e00\u4e0b\u65b0\u624b\uff0c\u65b0\u82b1\u5165\u624b\u5148\u7f13\u82d7\uff0c\u653e\u5149\u7ebf\u660e\u4eae\u7684\u5730\u65b9\uff0c\u53c8\u6652\u4e0d\u5230\u592a\u9633\u7684\u5730\u65b9\u51e0\u5929\uff0c\u7136\u540e\u624d\u5f00\u59cb\u6b63\u5e38\u517b\u62a4\u3002\u5343\u4e07\u522b\u6025\u7740\u6362\u76c6\u6362\u571f\uff0c\u5356\u5bb6\u7684\u82b1\u90fd\u662f\u5728\u5927\u89c4\u6a21\u79cd\u690d\u57fa\u5730\u57f9\u517b\u7684\uff0c\u6e29\u5ea6\uff0c\u6e7f\u5ea6\uff0c\u5149\u7167\u548c\u5bb6\u5ead\u7684\u517b\u6b96\u6761\u4ef6\u6709\u5f88\u5927\u5dee\u522b\uff0c\u4e0d\u7ed9\u5979\u9002\u5e94\u73af\u5883\u7684\u65f6\u95f4\uff0c\u8fd8\u4f24\u7b4b\u52a8\u9aa8\uff0c\u4e0d\u6b7b\u4e5f\u53bb\u534a\u6761\u547d\u3002\\n\u517b\u82b1\u662f\u4e00\u4ef6\u57f9\u517b\u5fc3\u6027\u7684\u6d3b\u52a8\uff0c\u9700\u8981\u6052\u5fc3\uff0c\u7ec6\u5fc3\u3002\u6211\u89c1\u8fc7\u5f88\u591a\u4eba\uff0c\u5f00\u82b1\u7684\u65f6\u5019\u5b9d\u8d1d\u5f97\u4e0d\u5f97\u4e86\uff0c\u8fc7\u6bb5\u65f6\u95f4\u5c31\u61c8\u6020\u4e86\uff0c\u5bf9\u82b1\u53c8\u4e0d\u95fb\u4e0d\u95ee\uff0c\u8fd9\u6837\u60f3\u517b\u597d\u8bf4\u5b9e\u8bdd\uff0c\u771f\u7684\u5f88\u96be\u3002\\n\u8fd8\u6709\u4e00\u70b9\u5efa\u8bae\uff0c\u4e70\u82b1\u5343\u4e07\u4e0d\u8981\u8d2d\u4e70\u5bbf\u8fc1\u8d27\uff0c\u4e0d\u662f\u8bf4\u5bbf\u8fc1\u6ca1\u597d\u5356\u5bb6\uff0c\u4f46\u662f\u4e0a\u5f53\u591a\u4e86\u5c31\u4e0d\u8981\u5192\u9669\u4e86\uff0c\u751a\u81f3\u67d0\u4e9b\u5fae\u4fe1\u7fa4\uff0cqq\u7fa4\u91cc\u5356\u7684\u65b0\u5356\u5bb6\u90fd\u4e0d\u53ef\u9760\uff0c\u6211\u5c31\u56e0\u4e3a\u4e70\u753b\u62a5\u88ab\u4eba\u7528\u5fae\u4fe1\u9a97\u8d7090\uff0c\u5efa\u8bae\u65b0\u624b\u8981\u5165\u624b\u524d\u53ef\u4ee5\u53bb\u8d34\u5427\u5148\u5b66\u4e60\u4e00\u4e0b\uff0c\u53d1\u4e2a\u5e16\u5b50\u95ee\u95ee\uff0c\u63cf\u8ff0\u4e0b\u73af\u5883\uff0c\u6761\u4ef6\uff0c\u5165\u624b\u4ec0\u4e48\u54c1\u79cd\uff0c\u4f1a\u6709\u5f88\u591a\u7f51\u53cb\u70ed\u60c5\u5e2e\u52a9\u7684\u3002\u53ef\u4ee5\u5c11\u5403\u5f88\u591a\u4e8f\u3002\\n\u8bf4\u7684\u8fd9\u4e9b\u53ea\u662f\u57fa\u672c\u539f\u5219\uff0c\u82b1\u5349\u5343\u5dee\u4e07\u522b\uff0c\u5177\u4f53\u60c5\u51b5\u5177\u4f53\u5bf9\u5f85\u3002\u6682\u65f6\u5230\u8fd9\u91cc\uff0c\u60f3\u5230\u4ee5\u540e\u518d\u8865\u5145\u3002\\n\u9644\u4e0a\u6700\u8fd1\u5f00\u82b1\u7684\u5927\u4e3d\u82b1\u9547\u697c\u3002\",\"type\":\"unstyled\",\"depth\":0,\"inlineStyleRanges\":[],\"entityRanges\":[],\"data\":{}}],\"entityMap\":{}}", "thread": 28, "created_at": "2019-05-26T16:40:53.268Z", "updated_at": null, "creator": 11}}, {"model": "posts.post", "pk": 44, "fields": {"content": "{\"blocks\":[{\"key\":\"27u1v\",\"text\":\"Make Novate great again!\",\"type\":\"unstyled\",\"depth\":0,\"inlineStyleRanges\":[],\"entityRanges\":[],\"data\":{}}],\"entityMap\":{}}", "thread": 7, "created_at": "2019-05-26T16:48:10.949Z", "updated_at": null, "creator": 27}}, {"model": "admin.logentry", "pk": 5, "fields": {"action_time": "2018-05-01T11:39:16.475Z", "user": 11, "content_type": 4, "object_id": "19", "object_repr": "jisoo", "action_flag": 2, "change_message": "[{\"changed\": {\"fields\": [\"is_staff\"]}}]"}}, {"model": "admin.logentry", "pk": 7, "fields": {"action_time": "2018-09-28T08:59:38.894Z", "user": 11, "content_type": 4, "object_id": "11", "object_repr": "irene", "action_flag": 2, "change_message": "[{\"changed\": {\"fields\": [\"email\"]}}]"}}]